{
  "config": {
    "agent_name": "SARSA_v1",
    "agent_type": "SARSA",
    "n_episodes": 100,
    "max_steps": 8000,
    "learning_rate": 0.05,
    "discount_factor": 0.9,
    "epsilon_start": 1.0,
    "epsilon_end": 0.01,
    "epsilon_decay": 0.9998,
    "n_episodes_start": 0,
    "lambda_param": null,
    "replace_traces": null,
    "initial_balance": 1000.0,
    "commission": 0.0001,
    "slippage": 0.0005,
    "eval_frequency": 500,
    "save_frequency": 1000
  },
  "training_time": 316.8565409183502,
  "total_episodes": 100,
  "final_metrics": {
    "episode": 100,
    "reward": -7178.121630738132,
    "steps": 8000,
    "epsilon": 0.6057704364907278,
    "portfolio_value": 452.5764423450958,
    "n_trades": 1264,
    "win_rate": 43.67088607594937,
    "avg_pnl": -0.35492635643406373,
    "max_drawdown": 0.10689870265513784,
    "timestamp": 1765396396.8708963
  },
  "checkpoints": [
    {
      "episode": 100,
      "path": "/mnt/d/Study/Code/ml/TradingAgentClassicRL/training_data/checkpoints/exp_sarsa_v1/final_agent.pkl",
      "timestamp": 1765396396.925826
    }
  ],
  "timestamp": "2025-12-10T22:53:16.926097"
}