{
  "config": {
    "agent_name": "SARSA_lambda",
    "agent_type": "SarsaLambda",
    "n_episodes": 200,
    "max_steps": 1000,
    "learning_rate": 0.1,
    "discount_factor": 0.99,
    "epsilon_start": 1.0,
    "epsilon_end": 0.01,
    "epsilon_decay": 0.995,
    "lambda_param": 0.9,
    "replace_traces": null,
    "initial_balance": 1000.0,
    "commission": 0.0001,
    "slippage": 0.0005,
    "eval_frequency": 100,
    "save_frequency": 500
  },
  "training_time": 107.14014601707458,
  "total_episodes": 200,
  "final_metrics": {
    "episode": 200,
    "reward": -220.3232749629852,
    "steps": 1000,
    "epsilon": 0.3669578217261671,
    "portfolio_value": 823.4148893871836,
    "n_trades": 103,
    "win_rate": 38.83495145631068,
    "avg_pnl": -1.62238732784925,
    "max_drawdown": 0.02847553019131411,
    "timestamp": 1764445961.2043307
  },
  "checkpoints": [
    {
      "episode": 200,
      "path": "checkpoints/comparison_sarsa_lambda/final_agent.pkl",
      "timestamp": 1764445963.1854846
    }
  ],
  "timestamp": "2025-11-29T22:52:43.185682"
}