Тип агента,Доходность Base,Доходность FT,Δ Доходность,Sharpe Base,Sharpe FT,Δ Sharpe,MDD Base,MDD FT,Δ MDD
Q-Learning,7.881760964943485,33.0554300165812,25.173669051637713,0.07916053504497907,0.13181152904804394,0.052650994003064874,54.51133768348231,48.666422903315684,-5.844914780166626
SARSA,4.926063340601217,4.926063340601217,0.0,0.3373848492017778,0.3373848492017778,0.0,0.4928879898198599,0.4928879898198599,0.0
