Агент,Доходность %,Конечный баланс,Сделок,Win Rate %,Средний PnL,Max Drawdown сделок %,Max Drawdown портфеля %,Sharpe Ratio,Ср. время удержания,Закрыто по просадке,Закрыто по времени
Q-Learning,0.5848925050808029,1005.848925050808,1,100.0,5.948925050808041,0.0,0.4446949103189608,0.26798932131013187,2.0,0,0
SARSA,0.4490519710934837,1004.4905197109349,1,100.0,4.590519710934889,0.0,0.05997001499250701,0.3249482877338328,1.0,0,0
SARSA-λ,0.5593077963261583,1005.5930779632616,2,100.0,2.89659386309717,0.0,0.05997001499250798,0.2700070826745381,1.0,0,0
Monte Carlo,0.0,1000.0,0,0.0,0.0,0.0,0.0,0.0,0.0,0,0
