Агент,Доходность %,Конечный баланс,Сделок,Win Rate %,Средний PnL,Max Drawdown сделок %,Max Drawdown портфеля %,Sharpe Ratio,Ср. время удержания,Закрыто по просадке,Закрыто по времени
Q-Learning,-20.31686157033674,796.8313842966326,398,42.71356783919598,-0.40957536797190097,4.830180318900923,33.22686576338669,-0.20945398557234704,2.4472361809045227,0,0
SARSA,-10.33221654764629,896.6778345235371,36,38.88888888888889,-2.776968447658506,1.8681996245173378,48.270570368427286,-0.34584406281814256,5.083333333333333,0,0
SARSA-λ,-38.958663298762154,610.4133670123784,383,39.1644908616188,-0.943979764998083,5.097744195050142,48.760734508390826,-0.3488727717029577,2.7963446475195823,0,0
Monte Carlo,-15.119611435131164,848.8038856486884,9,22.22222222222222,-16.706447606319873,6.325929922531127,28.275312053504226,-0.13427667474646654,411.1111111111111,7,2
