Агент,Доходность %,Конечный баланс,Сделок,Win Rate %,Средний PnL,Max Drawdown сделок %,Max Drawdown портфеля %,Sharpe Ratio,Ср. время удержания,Закрыто по просадке,Закрыто по времени
Q-Learning,-6.192987918522319,938.0701208147768,157,42.038216560509554,-0.2638861479389656,8.01144866942788,60.41641663214741,0.038411861883464564,36.66242038216561,36,0
SARSA,-9.623978826934898,903.760211730651,102,43.13725490196079,-0.8233590117418625,10.055609985581428,65.6528277119497,0.03314871761531318,63.088235294117645,49,0
SARSA-λ,0.0,1000.0,0,0.0,0.0,0.0,0.0,0.0,0.0,0,0
Monte Carlo,-69.0796335469656,309.20366453034404,1449,46.99792960662526,-0.4090670185517684,8.011448669427875,78.82577216348184,-0.22487426619052497,3.876466528640442,3,0
