Агент,Доходность %,Конечный баланс,Сделок,Win Rate %,Средний PnL,Max Drawdown сделок,Max Drawdown портфеля,Ср. время удержания,Закрыто по просадке,Закрыто по времени
Q-Learning,41.828899739788625,1418.2889973978863,179,30.16759776536313,2.4688296686743354,3.309306219153608,18.27720124315571,6.731843575418995,0,0
SARSA,53.822475654546075,1538.2247565454607,178,38.764044943820224,3.189323054009006,2.868581504096795,19.01386118653889,7.286516853932584,0,0
SARSA-λ,40.69083412622332,1406.908341262233,455,32.747252747252745,1.0010402138896792,5.6458838423895745,30.598598156710327,7.681318681318682,0,0
Monte Carlo,34.408448175817654,1344.0844817581765,582,46.391752577319586,0.7292965566729188,9.861672110526348,32.31480638502293,6.202749140893471,3,0
