Агент,Доходность %,Конечный баланс,Сделок,Win Rate %,Средний PnL,Max Drawdown сделок %,Max Drawdown портфеля %,Sharpe Ratio,Ср. время удержания,Закрыто по просадке,Закрыто по времени
Q-Learning,-50.06696342145176,499.3303657854824,958,43.31941544885177,-0.4379753407636229,6.538307145981349,58.148438659908365,-0.2520532683963513,2.346555323590814,0,0
SARSA,-4.494860080398954,955.0513991960105,21,52.38095238095239,-2.0405441292767583,3.2249019100007397,7.267209569319954,-0.10030870902007129,1.4285714285714286,0,0
SARSA-λ,42.827717371994176,1428.2771737199419,438,30.136986301369863,1.123657836303912,3.4211352155959633,27.863389847162072,0.14237345452326738,6.525114155251141,0,0
Monte Carlo,399.58271736933375,4995.8271736933375,23,39.130434782608695,173.03674714965624,6.40029375557211,38.33400434516009,0.32879442124707875,736.6521739130435,14,9
