Агент,Доходность %,Конечный баланс,Сделок,Win Rate %,Средний PnL,Max Drawdown сделок,Max Drawdown портфеля,Ср. время удержания,Закрыто по просадке,Закрыто по времени
Q-Learning,-41.434018363255134,585.6598163674487,567,43.386243386243386,-0.641648904250947,3.4211352155959656,49.24347657416908,2.3368606701940036,0,0
SARSA,-5.824178734058294,941.758212659417,9,33.33333333333333,-6.374607734137901,3.2249019100007477,6.293408384848613,1.6666666666666667,0,0
SARSA-λ,0.23121714354743528,1002.3121714354743,257,29.18287937743191,0.11849352325580809,3.421135215595962,27.863389847161958,6.529182879377432,0,0
Monte Carlo,72.16958380528699,1721.69583805287,16,25.0,44.74501363739637,6.123989200018225,37.608353956524574,521.375,12,4
