Агент,Доходность %,Конечный баланс,Сделок,Win Rate %,Средний PnL,Max Drawdown сделок %,Max Drawdown портфеля %,Sharpe Ratio,Ср. время удержания,Закрыто по просадке,Закрыто по времени
Q-Learning,-31.457148803936697,685.428511960633,699,48.927038626609445,-0.3590757618561677,9.130898180062067,57.54271456233666,-0.03206179518917417,8.373390557939913,41,0
SARSA,-88.7050894993008,112.94910500699204,2341,43.52840666381888,-0.3300120643537497,7.191968883303694,91.76475689195655,-0.6244998968450027,1.6685177274668945,1,0
SARSA-λ,-78.37453703911838,216.2546296088162,1007,42.10526315789473,-0.7174832726739576,12.767512146574706,83.93505856682346,-0.3431752360251189,5.0784508440913605,35,0
Monte Carlo,40.173294126676964,1401.7329412667696,296,38.17567567567568,1.5082321459008892,8.011448669427882,34.967412438487685,0.15244473034371434,12.22635135135135,8,0
