Агент,Доходность %,Конечный баланс,Сделок,Win Rate %,Средний PnL,Max Drawdown сделок,Max Drawdown портфеля,Ср. время удержания,Закрыто по просадке,Закрыто по времени
Q-Learning,5.016467318174045,1050.1646731817405,253,29.249011857707508,0.31173963054750736,3.4211352155959522,26.300588404842422,6.869565217391305,0,0
SARSA,-6.665230464803651,933.3476953519635,266,32.70676691729324,-0.1335962307255586,3.4211352155959656,28.797911221915705,7.015037593984962,0,0
SARSA-λ,-8.391918616034866,916.0808138396513,454,38.76651982378855,-0.07220478506537319,4.710840008040665,27.73133649021362,7.814977973568282,0,0
Monte Carlo,4.417864669464788,1044.1786466946478,663,51.734539969834096,0.18062709693719173,7.411476223400255,37.899705626805854,6.10708898944193,16,0
