Агент,Доходность %,Конечный баланс,Сделок,Win Rate %,Средний PnL,Макс. просадка
Q-Learning,0.4793379631326644,1004.7933796313267,256,28.90625,0.12592543408761597,4.091395543418137
Monte Carlo,-16.965267295424592,830.3473270457541,386,50.77720207253886,-0.35094318921497963,3.963534118509785
SARSA-λ,-47.531770238725024,524.6822976127497,628,40.28662420382166,-0.6766080505852727,4.427670482691091
SARSA,-61.481295355207855,385.18704644792143,761,35.34822601839684,-0.7404647833046691,3.7281752443114518
