Агент,Доходность %,Конечный баланс,Сделок,Win Rate %,Средний PnL,Max Drawdown сделок,Max Drawdown портфеля,Ср. время удержания,Закрыто по просадке,Закрыто по времени
Q-Learning,18.293337631424976,1182.9333763142497,202,28.71287128712871,1.0208068657587488,3.309306219153613,23.943250861274297,5.242574257425742,0,0
