Агент,Доходность %,Конечный баланс,Сделок,Win Rate %,Средний PnL,Max Drawdown сделок %,Max Drawdown портфеля %,Sharpe Ratio,Ср. время удержания,Закрыто по просадке,Закрыто по времени
Q-Learning (Base),7.881760964943485,1078.8176096494349,888,66.77927927927928,0.22622744764974703,10.344559150848298,54.51133768348231,0.07916053504497907,7.948198198198198,44,18
SARSA (Base),4.926063340601217,1049.2606334060122,12,83.33333333333334,4.208281734106213,0.44312049983804047,0.4928879898198599,0.3373848492017778,1.0,0,0
SARSA-λ (Base),-50.79028279956024,492.09717200439763,988,55.769230769230774,-0.4309604162071239,11.844419035411933,67.56835083674513,-0.16360452437152667,4.2034412955465585,32,11
Monte Carlo (Base),5.3696838992633555,1053.6968389926335,5,60.0,10.843348350542225,0.7238273884409243,3.693632473135508,0.13937299105294162,17.4,0,0
Q-Learning (FT),33.0554300165812,1330.554300165812,522,64.17624521072797,0.7716453711179424,11.844419035411944,48.666422903315684,0.13181152904804394,8.32375478927203,29,9
SARSA (FT),4.926063340601217,1049.2606334060122,12,83.33333333333334,4.208281734106213,0.44312049983804047,0.4928879898198599,0.3373848492017778,1.0,0,0
