{
  "config": {
    "agent_name": "QLearning_v1",
    "agent_type": "QLearning",
    "n_episodes": 100,
    "max_steps": 8000,
    "learning_rate": 0.05,
    "discount_factor": 0.9,
    "epsilon_start": 1.0,
    "epsilon_end": 0.01,
    "epsilon_decay": 0.9998,
    "n_episodes_start": 0,
    "lambda_param": null,
    "replace_traces": null,
    "initial_balance": 1000.0,
    "commission": 0.0001,
    "slippage": 0.0005,
    "eval_frequency": 500,
    "save_frequency": 1000
  },
  "training_time": 294.2818374633789,
  "total_episodes": 100,
  "final_metrics": {
    "episode": 100,
    "reward": -12298.317536748584,
    "steps": 8000,
    "epsilon": 0.6057704364907278,
    "portfolio_value": 211.0663463333932,
    "n_trades": 1335,
    "win_rate": 40.823970037453186,
    "avg_pnl": -0.5351315339186369,
    "max_drawdown": 0.08626398339291856,
    "timestamp": 1765396059.0176537
  },
  "checkpoints": [
    {
      "episode": 100,
      "path": "/mnt/d/Study/Code/ml/TradingAgentClassicRL/training_data/checkpoints/exp_qlearning_v1/final_agent.pkl",
      "timestamp": 1765396059.0615652
    }
  ],
  "timestamp": "2025-12-10T22:47:39.061746"
}