{
  "config": {
    "agent_name": "SARSA_Lambda_v1",
    "agent_type": "SARSA_Lambda",
    "n_episodes": 100,
    "max_steps": 8000,
    "learning_rate": 0.05,
    "discount_factor": 0.9,
    "epsilon_start": 1.0,
    "epsilon_end": 0.01,
    "epsilon_decay": 0.9998,
    "n_episodes_start": 0,
    "lambda_param": 0.8,
    "replace_traces": null,
    "initial_balance": 1000.0,
    "commission": 0.0001,
    "slippage": 0.0005,
    "eval_frequency": 500,
    "save_frequency": 1000
  },
  "training_time": 472.1581461429596,
  "total_episodes": 100,
  "final_metrics": {
    "episode": 100,
    "reward": -11274.25568255932,
    "steps": 8000,
    "epsilon": 0.6057704364907278,
    "portfolio_value": 230.09297751932274,
    "n_trades": 1158,
    "win_rate": 43.350604490500864,
    "avg_pnl": -0.6216392592786879,
    "max_drawdown": 0.06404587127146277,
    "timestamp": 1765396869.3305585
  },
  "checkpoints": [
    {
      "episode": 100,
      "path": "/mnt/d/Study/Code/ml/TradingAgentClassicRL/training_data/checkpoints/exp_sarsa_lambda_v1/final_agent.pkl",
      "timestamp": 1765396869.3756874
    }
  ],
  "timestamp": "2025-12-10T23:01:09.375856"
}